id;raisonsoc;sigle;activitepp;adressgeo;formjuri;telephone;bp;registre_cce;pays;ville;commune;email;actif;file_data;file_data_content_type;url_logo
1;composite Fresh Picardie;de Hat Rwanda;pixel generate wireless;grey Steel Buckinghamshire;technologies Handcrafted;+33 282842261;revolutionary;executive;Analyste Lanka customized;Russie Dong Movies;Investment;Gui30@hotmail.fr;true;../fake-data/blob/hipster.png;image/png;partnerships c
2;Architecte;Bike Sleek;b b Assistant;Gorgeous Clothing PNG;Handcrafted;0260648110;Alsace Home Credit;Handmade Enhanced;monitoring B2C;Vaugirard structure Awesome;Designer methodical Managed;Aliette.Maillard29@yahoo.fr;false;../fake-data/blob/hipster.png;image/png;withdrawal Rupee
3;Saint-Bernard;Handcrafted Movies Shirt;Midi-Pyrénées Electronics;Executif;c systemic;+33 160900837;Automotive matrix SQL;Pants;Licensed Granite;c;experiences;lodie_Moreau30@hotmail.fr;false;../fake-data/blob/hipster.png;image/png;a
4;purple calculating digital;cutting-edge de;user;firewall;Ferronnerie tertiary;0160691102;Borders;deposit;Pants coherent Granite;Account Plastic Syrian;Assistant Bacon;Anthelme94@hotmail.fr;false;../fake-data/blob/hipster.png;image/png;Games Granite
5;reboot;Checking Account;programming;Bedfordshire;navigate Île-de-France payment;+33 733439391;override Rubber Roumanie;Tugrik Ergonomic;Togo calculate;Rhône-Alpes Bangladesh Credit;SCSI program;lia.Carre@yahoo.fr;false;../fake-data/blob/hipster.png;image/png;connecting Toys
6;driver d'Azur Granite;Granite Ball b;deposit embrace Tools;optimal;Basse-Normandie online Soft;0666908982;primary;Books cross-platform;Market Berkshire deposit;parsing Ball;Metal;Yolande_Brun2@hotmail.fr;false;../fake-data/blob/hipster.png;image/png;Sausages feed
7;infomediaries c Granite;e-tailers;Graphic Wooden human-resource;index;b;0400543517;Ergonomic deliver;Refined Jamaïque port;Hat;deposit Berkshire;c Grass-roots;vrard.Perez@gmail.com;false;../fake-data/blob/hipster.png;image/png;neural interactive Loan
8;a Account Universal;array system;XML SSL Salad;rich Agent;Aquitaine;0639800307;PNG;cross-platform;Buckinghamshire;transmit Garden programming;de Home;Jules79@gmail.com;true;../fake-data/blob/hipster.png;image/png;overriding tan input
9;CSS La a;sensor Shirt interface;withdrawal;Small;deposit de;0752152601;bypassing Beauty du;visualize;leading-edge initiative;a Incredible pink;Chair Berkshire;Chlo73@hotmail.fr;true;../fake-data/blob/hipster.png;image/png;generate b synthesizing
10;calculating;Concrete c program;visualize;back;Kwanza Auto Estonie;0279298094;quantify Sausages;RSS transition;Jamaïque microchip orchid;circuit a Cotton;wireless flexibility enhance;Arthurine.Andre@gmail.com;true;../fake-data/blob/hipster.png;image/png;Bike
